mimeType,model_id,tag_id,vqts
x-ra/cip/bool,test-model.New node.Slow_Flash.Flash_Output,ra-cip-value://driver-cip/192.168.1.10/Slow_Flash.Flash_Output,"[{""q"":192,""t"":""2021-12-17T17:46:03.137Z"",""v"":true}]"
x-ra/cip/bool,test-model.New node.Slow_Flash.Flash_Output,ra-cip-value://driver-cip/192.168.1.10/Slow_Flash.Flash_Output,"[{""q"":192,""t"":""2021-12-17T17:46:05.140Z"",""v"":true}]"
x-ra/cip/bool,,ra-cip-value://driver-cip/192.168.1.10/SuperFast_Flash.Flash_Output,"[{""q"":192,""t"":""2021-12-17T17:46:05.452Z"",""v"":false}]"
x-ra/cip/bool,test-model.New node.Slow_Flash.Flash_Output,ra-cip-value://driver-cip/192.168.1.10/Slow_Flash.Flash_Output,"[{""q"":192,""t"":""2021-12-17T17:46:07.140Z"",""v"":true}]"
x-ra/cip/bool,test-model.New node.Slow_Flash.Flash_Output,ra-cip-value://driver-cip/192.168.1.10/Slow_Flash.Flash_Output,"[{""q"":192,""t"":""2021-12-17T17:46:09.143Z"",""v"":true}]"
x-ra/cip/bool,test-model.New node.Slow_Flash.Flash_Output,ra-cip-value://driver-cip/192.168.1.10/Slow_Flash.Flash_Output,"[{""q"":192,""t"":""2021-12-17T17:46:11.143Z"",""v"":true}]"
x-ra/cip/bool,,ra-cip-value://driver-cip/192.168.1.10/SuperFast_Flash.Flash_Output,"[{""q"":192,""t"":""2021-12-17T17:46:11.455Z"",""v"":true}]"
x-ra/cip/bool,test-model.New node.Slow_Flash.Flash_Output,ra-cip-value://driver-cip/192.168.1.10/Slow_Flash.Flash_Output,"[{""q"":192,""t"":""2021-12-17T17:46:13.143Z"",""v"":true}]"
x-ra/cip/bool,test-model.New node.Slow_Flash.Flash_Output,ra-cip-value://driver-cip/192.168.1.10/Slow_Flash.Flash_Output,"[{""q"":192,""t"":""2021-12-17T17:46:15.143Z"",""v"":true}]"
x-ra/cip/bool,test-model.New node.Slow_Flash.Flash_Output,ra-cip-value://driver-cip/192.168.1.10/Slow_Flash.Flash_Output,"[{""q"":192,""t"":""2021-12-17T17:46:17.143Z"",""v"":true}]"
x-ra/cip/bool,test-model.New node.Slow_Flash.Flash_Output,ra-cip-value://driver-cip/192.168.1.10/Slow_Flash.Flash_Output,"[{""q"":192,""t"":""2021-12-17T17:46:19.143Z"",""v"":true}]"
x-ra/cip/bool,,ra-cip-value://driver-cip/192.168.1.10/SuperFast_Flash.Flash_Output,"[{""q"":192,""t"":""2021-12-17T17:46:19.455Z"",""v"":false}]"
x-ra/cip/bool,test-model.New node.Slow_Flash.Flash_Output,ra-cip-value://driver-cip/192.168.1.10/Slow_Flash.Flash_Output,"[{""q"":192,""t"":""2021-12-17T17:46:21.143Z"",""v"":true}]"
x-ra/cip/bool,test-model.New node.Slow_Flash.Flash_Output,ra-cip-value://driver-cip/192.168.1.10/Slow_Flash.Flash_Output,"[{""q"":192,""t"":""2021-12-17T17:46:23.143Z"",""v"":true}]"
x-ra/cip/bool,test-model.New node.Slow_Flash.Flash_Output,ra-cip-value://driver-cip/192.168.1.10/Slow_Flash.Flash_Output,"[{""q"":192,""t"":""2021-12-17T17:46:25.143Z"",""v"":true}]"
x-ra/cip/bool,,ra-cip-value://driver-cip/192.168.1.10/SuperFast_Flash.Flash_Output,"[{""q"":192,""t"":""2021-12-17T17:46:25.455Z"",""v"":true}]"
x-ra/cip/bool,test-model.New node.Slow_Flash.Flash_Output,ra-cip-value://driver-cip/192.168.1.10/Slow_Flash.Flash_Output,"[{""q"":192,""t"":""2021-12-17T17:46:27.151Z"",""v"":true}]"
x-ra/cip/bool,test-model.New node.Slow_Flash.Flash_Output,ra-cip-value://driver-cip/192.168.1.10/Slow_Flash.Flash_Output,"[{""q"":192,""t"":""2021-12-17T17:46:29.158Z"",""v"":true}]"
x-ra/cip/bool,test-model.New node.Slow_Flash.Flash_Output,ra-cip-value://driver-cip/192.168.1.10/Slow_Flash.Flash_Output,"[{""q"":192,""t"":""2021-12-17T17:46:31.158Z"",""v"":true}]"
x-ra/cip/bool,,ra-cip-value://driver-cip/192.168.1.10/SuperFast_Flash.Flash_Output,"[{""q"":192,""t"":""2021-12-17T17:46:39.013Z"",""v"":false}]"
x-ra/cip/bool,test-model.New node.Slow_Flash.Flash_Output,ra-cip-value://driver-cip/192.168.1.10/Slow_Flash.Flash_Output,"[{""q"":192,""t"":""2021-12-17T17:46:40.714Z"",""v"":true}]"
x-ra/cip/bool,test-model.New node.Slow_Flash.Flash_Output,ra-cip-value://driver-cip/192.168.1.10/Slow_Flash.Flash_Output,"[{""q"":192,""t"":""2021-12-17T17:46:42.717Z"",""v"":true}]"
x-ra/cip/bool,test-model.New node.Slow_Flash.Flash_Output,ra-cip-value://driver-cip/192.168.1.10/Slow_Flash.Flash_Output,"[{""q"":192,""t"":""2021-12-17T17:46:44.728Z"",""v"":true}]"
x-ra/cip/bool,,ra-cip-value://driver-cip/192.168.1.10/SuperFast_Flash.Flash_Output,"[{""q"":192,""t"":""2021-12-17T17:46:45.041Z"",""v"":true}]"
x-ra/cip/bool,test-model.New node.Slow_Flash.Flash_Output,ra-cip-value://driver-cip/192.168.1.10/Slow_Flash.Flash_Output,"[{""q"":192,""t"":""2021-12-17T17:46:46.728Z"",""v"":true}]"
x-ra/cip/bool,test-model.New node.Slow_Flash.Flash_Output,ra-cip-value://driver-cip/192.168.1.10/Slow_Flash.Flash_Output,"[{""q"":192,""t"":""2021-12-17T17:46:48.728Z"",""v"":true}]"
x-ra/cip/bool,test-model.New node.Slow_Flash.Flash_Output,ra-cip-value://driver-cip/192.168.1.10/Slow_Flash.Flash_Output,"[{""q"":192,""t"":""2021-12-17T17:46:50.728Z"",""v"":true}]"
x-ra/cip/bool,test-model.New node.Slow_Flash.Flash_Output,ra-cip-value://driver-cip/192.168.1.10/Slow_Flash.Flash_Output,"[{""q"":192,""t"":""2021-12-17T17:46:52.732Z"",""v"":true}]"
x-ra/cip/bool,,ra-cip-value://driver-cip/192.168.1.10/SuperFast_Flash.Flash_Output,"[{""q"":192,""t"":""2021-12-17T17:46:53.044Z"",""v"":false}]"
x-ra/cip/bool,test-model.New node.Slow_Flash.Flash_Output,ra-cip-value://driver-cip/192.168.1.10/Slow_Flash.Flash_Output,"[{""q"":192,""t"":""2021-12-17T17:46:54.732Z"",""v"":true}]"
x-ra/cip/bool,test-model.New node.Slow_Flash.Flash_Output,ra-cip-value://driver-cip/192.168.1.10/Slow_Flash.Flash_Output,"[{""q"":192,""t"":""2021-12-17T17:46:56.733Z"",""v"":true}]"
x-ra/cip/bool,test-model.New node.Slow_Flash.Flash_Output,ra-cip-value://driver-cip/192.168.1.10/Slow_Flash.Flash_Output,"[{""q"":192,""t"":""2021-12-17T17:46:58.733Z"",""v"":true}]"
x-ra/cip/bool,,ra-cip-value://driver-cip/192.168.1.10/SuperFast_Flash.Flash_Output,"[{""q"":192,""t"":""2021-12-17T17:46:59.046Z"",""v"":true}]"
x-ra/cip/bool,test-model.New node.Slow_Flash.Flash_Output,ra-cip-value://driver-cip/192.168.1.10/Slow_Flash.Flash_Output,"[{""q"":192,""t"":""2021-12-17T17:47:00.733Z"",""v"":true}]"
x-ra/cip/bool,test-model.New node.Slow_Flash.Flash_Output,ra-cip-value://driver-cip/192.168.1.10/Slow_Flash.Flash_Output,"[{""q"":192,""t"":""2021-12-17T17:47:02.733Z"",""v"":true}]"
x-ra/cip/bool,test-model.New node.Slow_Flash.Flash_Output,ra-cip-value://driver-cip/192.168.1.10/Slow_Flash.Flash_Output,"[{""q"":192,""t"":""2021-12-17T17:47:04.733Z"",""v"":true}]"
x-ra/cip/bool,test-model.New node.Slow_Flash.Flash_Output,ra-cip-value://driver-cip/192.168.1.10/Slow_Flash.Flash_Output,"[{""q"":192,""t"":""2021-12-17T17:47:06.733Z"",""v"":true}]"
x-ra/cip/bool,,ra-cip-value://driver-cip/192.168.1.10/SuperFast_Flash.Flash_Output,"[{""q"":192,""t"":""2021-12-17T17:47:07.046Z"",""v"":false}]"
x-ra/cip/bool,test-model.New node.Slow_Flash.Flash_Output,ra-cip-value://driver-cip/192.168.1.10/Slow_Flash.Flash_Output,"[{""q"":192,""t"":""2021-12-17T17:47:08.733Z"",""v"":true}]"
x-ra/cip/bool,test-model.New node.Slow_Flash.Flash_Output,ra-cip-value://driver-cip/192.168.1.10/Slow_Flash.Flash_Output,"[{""q"":192,""t"":""2021-12-17T17:47:10.734Z"",""v"":true}]"
x-ra/cip/bool,test-model.New node.Slow_Flash.Flash_Output,ra-cip-value://driver-cip/192.168.1.10/Slow_Flash.Flash_Output,"[{""q"":192,""t"":""2021-12-17T17:47:12.734Z"",""v"":true}]"
x-ra/cip/bool,,ra-cip-value://driver-cip/192.168.1.10/SuperFast_Flash.Flash_Output,"[{""q"":192,""t"":""2021-12-17T17:47:13.047Z"",""v"":true}]"
x-ra/cip/bool,test-model.New node.Slow_Flash.Flash_Output,ra-cip-value://driver-cip/192.168.1.10/Slow_Flash.Flash_Output,"[{""q"":192,""t"":""2021-12-17T17:47:14.734Z"",""v"":true}]"
x-ra/cip/bool,test-model.New node.Slow_Flash.Flash_Output,ra-cip-value://driver-cip/192.168.1.10/Slow_Flash.Flash_Output,"[{""q"":192,""t"":""2021-12-17T17:47:16.734Z"",""v"":true}]"
x-ra/cip/bool,test-model.New node.Slow_Flash.Flash_Output,ra-cip-value://driver-cip/192.168.1.10/Slow_Flash.Flash_Output,"[{""q"":192,""t"":""2021-12-17T17:47:18.734Z"",""v"":true}]"
x-ra/cip/bool,test-model.New node.Slow_Flash.Flash_Output,ra-cip-value://driver-cip/192.168.1.10/Slow_Flash.Flash_Output,"[{""q"":192,""t"":""2021-12-17T17:47:20.741Z"",""v"":true}]"
x-ra/cip/bool,,ra-cip-value://driver-cip/192.168.1.10/SuperFast_Flash.Flash_Output,"[{""q"":192,""t"":""2021-12-17T17:47:21.053Z"",""v"":false}]"
x-ra/cip/bool,test-model.New node.Slow_Flash.Flash_Output,ra-cip-value://driver-cip/192.168.1.10/Slow_Flash.Flash_Output,"[{""q"":192,""t"":""2021-12-17T17:47:22.741Z"",""v"":true}]"
x-ra/cip/bool,test-model.New node.Slow_Flash.Flash_Output,ra-cip-value://driver-cip/192.168.1.10/Slow_Flash.Flash_Output,"[{""q"":192,""t"":""2021-12-17T17:47:24.741Z"",""v"":true}]"
x-ra/cip/bool,test-model.New node.Slow_Flash.Flash_Output,ra-cip-value://driver-cip/192.168.1.10/Slow_Flash.Flash_Output,"[{""q"":192,""t"":""2021-12-17T17:47:26.741Z"",""v"":true}]"
x-ra/cip/bool,,ra-cip-value://driver-cip/192.168.1.10/SuperFast_Flash.Flash_Output,"[{""q"":192,""t"":""2021-12-17T17:47:27.053Z"",""v"":true}]"
x-ra/cip/bool,test-model.New node.Slow_Flash.Flash_Output,ra-cip-value://driver-cip/192.168.1.10/Slow_Flash.Flash_Output,"[{""q"":192,""t"":""2021-12-17T17:47:28.741Z"",""v"":true}]"
x-ra/cip/bool,test-model.New node.Slow_Flash.Flash_Output,ra-cip-value://driver-cip/192.168.1.10/Slow_Flash.Flash_Output,"[{""q"":192,""t"":""2021-12-17T17:47:30.742Z"",""v"":true}]"
x-ra/cip/bool,test-model.New node.Slow_Flash.Flash_Output,ra-cip-value://driver-cip/192.168.1.10/Slow_Flash.Flash_Output,"[{""q"":192,""t"":""2021-12-17T17:47:32.742Z"",""v"":true}]"
x-ra/cip/bool,test-model.New node.Slow_Flash.Flash_Output,ra-cip-value://driver-cip/192.168.1.10/Slow_Flash.Flash_Output,"[{""q"":192,""t"":""2021-12-17T17:47:34.742Z"",""v"":true}]"
x-ra/cip/bool,,ra-cip-value://driver-cip/192.168.1.10/SuperFast_Flash.Flash_Output,"[{""q"":192,""t"":""2021-12-17T17:47:35.055Z"",""v"":false}]"
x-ra/cip/bool,test-model.New node.Slow_Flash.Flash_Output,ra-cip-value://driver-cip/192.168.1.10/Slow_Flash.Flash_Output,"[{""q"":192,""t"":""2021-12-17T17:47:36.742Z"",""v"":true}]"
x-ra/cip/bool,test-model.New node.Slow_Flash.Flash_Output,ra-cip-value://driver-cip/192.168.1.10/Slow_Flash.Flash_Output,"[{""q"":192,""t"":""2021-12-17T17:47:38.742Z"",""v"":true}]"
x-ra/cip/bool,test-model.New node.Slow_Flash.Flash_Output,ra-cip-value://driver-cip/192.168.1.10/Slow_Flash.Flash_Output,"[{""q"":192,""t"":""2021-12-17T17:47:40.743Z"",""v"":true}]"
x-ra/cip/bool,,ra-cip-value://driver-cip/192.168.1.10/SuperFast_Flash.Flash_Output,"[{""q"":192,""t"":""2021-12-17T17:47:41.055Z"",""v"":true}]"
x-ra/cip/bool,test-model.New node.Slow_Flash.Flash_Output,ra-cip-value://driver-cip/192.168.1.10/Slow_Flash.Flash_Output,"[{""q"":192,""t"":""2021-12-17T17:47:42.742Z"",""v"":true}]"
x-ra/cip/bool,test-model.New node.Slow_Flash.Flash_Output,ra-cip-value://driver-cip/192.168.1.10/Slow_Flash.Flash_Output,"[{""q"":192,""t"":""2021-12-17T17:47:44.744Z"",""v"":true}]"
x-ra/cip/bool,test-model.New node.Slow_Flash.Flash_Output,ra-cip-value://driver-cip/192.168.1.10/Slow_Flash.Flash_Output,"[{""q"":192,""t"":""2021-12-17T17:47:46.744Z"",""v"":true}]"
x-ra/cip/bool,test-model.New node.Slow_Flash.Flash_Output,ra-cip-value://driver-cip/192.168.1.10/Slow_Flash.Flash_Output,"[{""q"":192,""t"":""2021-12-17T17:47:48.744Z"",""v"":true}]"
x-ra/cip/bool,,ra-cip-value://driver-cip/192.168.1.10/SuperFast_Flash.Flash_Output,"[{""q"":192,""t"":""2021-12-17T17:47:49.057Z"",""v"":false}]"
x-ra/cip/bool,test-model.New node.Slow_Flash.Flash_Output,ra-cip-value://driver-cip/192.168.1.10/Slow_Flash.Flash_Output,"[{""q"":192,""t"":""2021-12-17T17:47:50.744Z"",""v"":true}]"
x-ra/cip/bool,test-model.New node.Slow_Flash.Flash_Output,ra-cip-value://driver-cip/192.168.1.10/Slow_Flash.Flash_Output,"[{""q"":192,""t"":""2021-12-17T17:47:52.744Z"",""v"":true}]"
x-ra/cip/bool,test-model.New node.Slow_Flash.Flash_Output,ra-cip-value://driver-cip/192.168.1.10/Slow_Flash.Flash_Output,"[{""q"":192,""t"":""2021-12-17T17:47:54.744Z"",""v"":true}]"
x-ra/cip/bool,,ra-cip-value://driver-cip/192.168.1.10/SuperFast_Flash.Flash_Output,"[{""q"":192,""t"":""2021-12-17T17:47:55.057Z"",""v"":true}]"
x-ra/cip/bool,test-model.New node.Slow_Flash.Flash_Output,ra-cip-value://driver-cip/192.168.1.10/Slow_Flash.Flash_Output,"[{""q"":192,""t"":""2021-12-17T17:47:56.744Z"",""v"":true}]"
x-ra/cip/bool,test-model.New node.Slow_Flash.Flash_Output,ra-cip-value://driver-cip/192.168.1.10/Slow_Flash.Flash_Output,"[{""q"":192,""t"":""2021-12-17T17:47:58.744Z"",""v"":true}]"
x-ra/cip/bool,test-model.New node.Slow_Flash.Flash_Output,ra-cip-value://driver-cip/192.168.1.10/Slow_Flash.Flash_Output,"[{""q"":192,""t"":""2021-12-17T17:48:00.744Z"",""v"":true}]"
x-ra/cip/bool,test-model.New node.Slow_Flash.Flash_Output,ra-cip-value://driver-cip/192.168.1.10/Slow_Flash.Flash_Output,"[{""q"":192,""t"":""2021-12-17T17:48:02.744Z"",""v"":true}]"
x-ra/cip/bool,,ra-cip-value://driver-cip/192.168.1.10/SuperFast_Flash.Flash_Output,"[{""q"":192,""t"":""2021-12-17T17:48:03.056Z"",""v"":false}]"
x-ra/cip/bool,test-model.New node.Slow_Flash.Flash_Output,ra-cip-value://driver-cip/192.168.1.10/Slow_Flash.Flash_Output,"[{""q"":192,""t"":""2021-12-17T17:48:04.744Z"",""v"":true}]"
x-ra/cip/bool,test-model.New node.Slow_Flash.Flash_Output,ra-cip-value://driver-cip/192.168.1.10/Slow_Flash.Flash_Output,"[{""q"":192,""t"":""2021-12-17T17:48:06.744Z"",""v"":true}]"
x-ra/cip/bool,test-model.New node.Slow_Flash.Flash_Output,ra-cip-value://driver-cip/192.168.1.10/Slow_Flash.Flash_Output,"[{""q"":192,""t"":""2021-12-17T17:48:08.744Z"",""v"":true}]"
x-ra/cip/bool,,ra-cip-value://driver-cip/192.168.1.10/SuperFast_Flash.Flash_Output,"[{""q"":192,""t"":""2021-12-17T17:48:09.057Z"",""v"":true}]"
x-ra/cip/bool,test-model.New node.Slow_Flash.Flash_Output,ra-cip-value://driver-cip/192.168.1.10/Slow_Flash.Flash_Output,"[{""q"":192,""t"":""2021-12-17T17:48:10.744Z"",""v"":true}]"
x-ra/cip/bool,test-model.New node.Slow_Flash.Flash_Output,ra-cip-value://driver-cip/192.168.1.10/Slow_Flash.Flash_Output,"[{""q"":192,""t"":""2021-12-17T17:48:12.744Z"",""v"":true}]"
x-ra/cip/bool,test-model.New node.Slow_Flash.Flash_Output,ra-cip-value://driver-cip/192.168.1.10/Slow_Flash.Flash_Output,"[{""q"":192,""t"":""2021-12-17T17:48:14.746Z"",""v"":true}]"
x-ra/cip/bool,test-model.New node.Slow_Flash.Flash_Output,ra-cip-value://driver-cip/192.168.1.10/Slow_Flash.Flash_Output,"[{""q"":192,""t"":""2021-12-17T17:48:16.746Z"",""v"":true}]"
x-ra/cip/bool,,ra-cip-value://driver-cip/192.168.1.10/SuperFast_Flash.Flash_Output,"[{""q"":192,""t"":""2021-12-17T17:48:17.058Z"",""v"":false}]"
x-ra/cip/bool,test-model.New node.Slow_Flash.Flash_Output,ra-cip-value://driver-cip/192.168.1.10/Slow_Flash.Flash_Output,"[{""q"":192,""t"":""2021-12-17T17:48:18.746Z"",""v"":true}]"
x-ra/cip/bool,test-model.New node.Slow_Flash.Flash_Output,ra-cip-value://driver-cip/192.168.1.10/Slow_Flash.Flash_Output,"[{""q"":192,""t"":""2021-12-17T17:48:20.746Z"",""v"":true}]"
x-ra/cip/bool,test-model.New node.Slow_Flash.Flash_Output,ra-cip-value://driver-cip/192.168.1.10/Slow_Flash.Flash_Output,"[{""q"":192,""t"":""2021-12-17T17:48:22.746Z"",""v"":true}]"
x-ra/cip/bool,,ra-cip-value://driver-cip/192.168.1.10/SuperFast_Flash.Flash_Output,"[{""q"":192,""t"":""2021-12-17T17:48:23.058Z"",""v"":true}]"
x-ra/cip/bool,test-model.New node.Slow_Flash.Flash_Output,ra-cip-value://driver-cip/192.168.1.10/Slow_Flash.Flash_Output,"[{""q"":192,""t"":""2021-12-17T17:48:24.747Z"",""v"":true}]"
x-ra/cip/bool,test-model.New node.Slow_Flash.Flash_Output,ra-cip-value://driver-cip/192.168.1.10/Slow_Flash.Flash_Output,"[{""q"":192,""t"":""2021-12-17T17:48:26.746Z"",""v"":true}]"
x-ra/cip/bool,test-model.New node.Slow_Flash.Flash_Output,ra-cip-value://driver-cip/192.168.1.10/Slow_Flash.Flash_Output,"[{""q"":192,""t"":""2021-12-17T17:48:28.746Z"",""v"":true}]"
x-ra/cip/bool,test-model.New node.Slow_Flash.Flash_Output,ra-cip-value://driver-cip/192.168.1.10/Slow_Flash.Flash_Output,"[{""q"":192,""t"":""2021-12-17T17:48:30.747Z"",""v"":true}]"
x-ra/cip/bool,,ra-cip-value://driver-cip/192.168.1.10/SuperFast_Flash.Flash_Output,"[{""q"":192,""t"":""2021-12-17T17:48:31.059Z"",""v"":false}]"
x-ra/cip/bool,test-model.New node.Slow_Flash.Flash_Output,ra-cip-value://driver-cip/192.168.1.10/Slow_Flash.Flash_Output,"[{""q"":192,""t"":""2021-12-17T17:48:32.747Z"",""v"":true}]"
x-ra/cip/bool,test-model.New node.Slow_Flash.Flash_Output,ra-cip-value://driver-cip/192.168.1.10/Slow_Flash.Flash_Output,"[{""q"":192,""t"":""2021-12-17T17:48:34.746Z"",""v"":true}]"
x-ra/cip/bool,test-model.New node.Slow_Flash.Flash_Output,ra-cip-value://driver-cip/192.168.1.10/Slow_Flash.Flash_Output,"[{""q"":192,""t"":""2021-12-17T17:48:36.746Z"",""v"":true}]"
x-ra/cip/bool,,ra-cip-value://driver-cip/192.168.1.10/SuperFast_Flash.Flash_Output,"[{""q"":192,""t"":""2021-12-17T17:48:37.059Z"",""v"":true}]"
x-ra/cip/bool,test-model.New node.Slow_Flash.Flash_Output,ra-cip-value://driver-cip/192.168.1.10/Slow_Flash.Flash_Output,"[{""q"":192,""t"":""2021-12-17T17:48:38.747Z"",""v"":true}]"
x-ra/cip/bool,test-model.New node.Slow_Flash.Flash_Output,ra-cip-value://driver-cip/192.168.1.10/Slow_Flash.Flash_Output,"[{""q"":192,""t"":""2021-12-17T17:48:40.746Z"",""v"":true}]"
x-ra/cip/bool,test-model.New node.Slow_Flash.Flash_Output,ra-cip-value://driver-cip/192.168.1.10/Slow_Flash.Flash_Output,"[{""q"":192,""t"":""2021-12-17T17:48:42.746Z"",""v"":true}]"
x-ra/cip/bool,test-model.New node.Slow_Flash.Flash_Output,ra-cip-value://driver-cip/192.168.1.10/Slow_Flash.Flash_Output,"[{""q"":192,""t"":""2021-12-17T17:48:44.753Z"",""v"":true}]"
x-ra/cip/bool,,ra-cip-value://driver-cip/192.168.1.10/SuperFast_Flash.Flash_Output,"[{""q"":192,""t"":""2021-12-17T17:48:45.066Z"",""v"":false}]"
x-ra/cip/bool,test-model.New node.Slow_Flash.Flash_Output,ra-cip-value://driver-cip/192.168.1.10/Slow_Flash.Flash_Output,"[{""q"":192,""t"":""2021-12-17T17:48:46.753Z"",""v"":true}]"
x-ra/cip/bool,test-model.New node.Slow_Flash.Flash_Output,ra-cip-value://driver-cip/192.168.1.10/Slow_Flash.Flash_Output,"[{""q"":192,""t"":""2021-12-17T17:48:48.754Z"",""v"":true}]"
x-ra/cip/bool,test-model.New node.Slow_Flash.Flash_Output,ra-cip-value://driver-cip/192.168.1.10/Slow_Flash.Flash_Output,"[{""q"":192,""t"":""2021-12-17T17:48:50.754Z"",""v"":true}]"
x-ra/cip/bool,,ra-cip-value://driver-cip/192.168.1.10/SuperFast_Flash.Flash_Output,"[{""q"":192,""t"":""2021-12-17T17:48:51.066Z"",""v"":true}]"
x-ra/cip/bool,test-model.New node.Slow_Flash.Flash_Output,ra-cip-value://driver-cip/192.168.1.10/Slow_Flash.Flash_Output,"[{""q"":192,""t"":""2021-12-17T17:48:52.754Z"",""v"":true}]"
x-ra/cip/bool,test-model.New node.Slow_Flash.Flash_Output,ra-cip-value://driver-cip/192.168.1.10/Slow_Flash.Flash_Output,"[{""q"":192,""t"":""2021-12-17T17:48:54.754Z"",""v"":true}]"
x-ra/cip/bool,test-model.New node.Slow_Flash.Flash_Output,ra-cip-value://driver-cip/192.168.1.10/Slow_Flash.Flash_Output,"[{""q"":192,""t"":""2021-12-17T17:48:56.754Z"",""v"":true}]"
x-ra/cip/bool,test-model.New node.Slow_Flash.Flash_Output,ra-cip-value://driver-cip/192.168.1.10/Slow_Flash.Flash_Output,"[{""q"":192,""t"":""2021-12-17T17:48:58.754Z"",""v"":true}]"
x-ra/cip/bool,,ra-cip-value://driver-cip/192.168.1.10/SuperFast_Flash.Flash_Output,"[{""q"":192,""t"":""2021-12-17T17:48:59.067Z"",""v"":false}]"
x-ra/cip/bool,test-model.New node.Slow_Flash.Flash_Output,ra-cip-value://driver-cip/192.168.1.10/Slow_Flash.Flash_Output,"[{""q"":192,""t"":""2021-12-17T17:49:00.754Z"",""v"":true}]"
x-ra/cip/bool,test-model.New node.Slow_Flash.Flash_Output,ra-cip-value://driver-cip/192.168.1.10/Slow_Flash.Flash_Output,"[{""q"":192,""t"":""2021-12-17T17:49:02.754Z"",""v"":true}]"
x-ra/cip/bool,test-model.New node.Slow_Flash.Flash_Output,ra-cip-value://driver-cip/192.168.1.10/Slow_Flash.Flash_Output,"[{""q"":192,""t"":""2021-12-17T17:49:04.754Z"",""v"":true}]"
x-ra/cip/bool,,ra-cip-value://driver-cip/192.168.1.10/SuperFast_Flash.Flash_Output,"[{""q"":192,""t"":""2021-12-17T17:49:05.066Z"",""v"":true}]"
x-ra/cip/bool,test-model.New node.Slow_Flash.Flash_Output,ra-cip-value://driver-cip/192.168.1.10/Slow_Flash.Flash_Output,"[{""q"":192,""t"":""2021-12-17T17:49:06.754Z"",""v"":true}]"
x-ra/cip/bool,test-model.New node.Slow_Flash.Flash_Output,ra-cip-value://driver-cip/192.168.1.10/Slow_Flash.Flash_Output,"[{""q"":192,""t"":""2021-12-17T17:49:08.754Z"",""v"":true}]"
x-ra/cip/bool,test-model.New node.Slow_Flash.Flash_Output,ra-cip-value://driver-cip/192.168.1.10/Slow_Flash.Flash_Output,"[{""q"":192,""t"":""2021-12-17T17:49:10.754Z"",""v"":true}]"
x-ra/cip/bool,test-model.New node.Slow_Flash.Flash_Output,ra-cip-value://driver-cip/192.168.1.10/Slow_Flash.Flash_Output,"[{""q"":192,""t"":""2021-12-17T17:49:12.754Z"",""v"":true}]"
x-ra/cip/bool,,ra-cip-value://driver-cip/192.168.1.10/SuperFast_Flash.Flash_Output,"[{""q"":192,""t"":""2021-12-17T17:49:13.066Z"",""v"":false}]"
x-ra/cip/bool,test-model.New node.Slow_Flash.Flash_Output,ra-cip-value://driver-cip/192.168.1.10/Slow_Flash.Flash_Output,"[{""q"":192,""t"":""2021-12-17T17:49:14.754Z"",""v"":true}]"
x-ra/cip/bool,test-model.New node.Slow_Flash.Flash_Output,ra-cip-value://driver-cip/192.168.1.10/Slow_Flash.Flash_Output,"[{""q"":192,""t"":""2021-12-17T17:49:16.754Z"",""v"":true}]"
x-ra/cip/bool,test-model.New node.Slow_Flash.Flash_Output,ra-cip-value://driver-cip/192.168.1.10/Slow_Flash.Flash_Output,"[{""q"":192,""t"":""2021-12-17T17:49:18.754Z"",""v"":true}]"
x-ra/cip/bool,,ra-cip-value://driver-cip/192.168.1.10/SuperFast_Flash.Flash_Output,"[{""q"":192,""t"":""2021-12-17T17:49:19.066Z"",""v"":true}]"
x-ra/cip/bool,test-model.New node.Slow_Flash.Flash_Output,ra-cip-value://driver-cip/192.168.1.10/Slow_Flash.Flash_Output,"[{""q"":192,""t"":""2021-12-17T17:49:20.753Z"",""v"":true}]"
x-ra/cip/bool,test-model.New node.Slow_Flash.Flash_Output,ra-cip-value://driver-cip/192.168.1.10/Slow_Flash.Flash_Output,"[{""q"":192,""t"":""2021-12-17T17:49:22.765Z"",""v"":true}]"
x-ra/cip/bool,test-model.New node.Slow_Flash.Flash_Output,ra-cip-value://driver-cip/192.168.1.10/Slow_Flash.Flash_Output,"[{""q"":192,""t"":""2021-12-17T17:49:24.765Z"",""v"":true}]"
x-ra/cip/bool,test-model.New node.Slow_Flash.Flash_Output,ra-cip-value://driver-cip/192.168.1.10/Slow_Flash.Flash_Output,"[{""q"":192,""t"":""2021-12-17T17:49:26.764Z"",""v"":true}]"
x-ra/cip/bool,,ra-cip-value://driver-cip/192.168.1.10/SuperFast_Flash.Flash_Output,"[{""q"":192,""t"":""2021-12-17T17:49:27.066Z"",""v"":false}]"
x-ra/cip/bool,test-model.New node.Slow_Flash.Flash_Output,ra-cip-value://driver-cip/192.168.1.10/Slow_Flash.Flash_Output,"[{""q"":192,""t"":""2021-12-17T17:49:28.777Z"",""v"":true}]"
x-ra/cip/bool,test-model.New node.Slow_Flash.Flash_Output,ra-cip-value://driver-cip/192.168.1.10/Slow_Flash.Flash_Output,"[{""q"":192,""t"":""2021-12-17T17:49:30.781Z"",""v"":true}]"
x-ra/cip/bool,test-model.New node.Slow_Flash.Flash_Output,ra-cip-value://driver-cip/192.168.1.10/Slow_Flash.Flash_Output,"[{""q"":192,""t"":""2021-12-17T17:49:32.791Z"",""v"":true}]"
x-ra/cip/bool,test-model.New node.Slow_Flash.Flash_Output,ra-cip-value://driver-cip/192.168.1.10/Slow_Flash.Flash_Output,"[{""q"":192,""t"":""2021-12-17T17:49:34.805Z"",""v"":true}]"
x-ra/cip/bool,,ra-cip-value://driver-cip/192.168.1.10/SuperFast_Flash.Flash_Output,"[{""q"":192,""t"":""2021-12-17T17:49:35.114Z"",""v"":true}]"
x-ra/cip/bool,test-model.New node.Slow_Flash.Flash_Output,ra-cip-value://driver-cip/192.168.1.10/Slow_Flash.Flash_Output,"[{""q"":192,""t"":""2021-12-17T17:49:36.818Z"",""v"":true}]"
x-ra/cip/bool,test-model.New node.Slow_Flash.Flash_Output,ra-cip-value://driver-cip/192.168.1.10/Slow_Flash.Flash_Output,"[{""q"":192,""t"":""2021-12-17T17:49:38.832Z"",""v"":true}]"
x-ra/cip/bool,test-model.New node.Slow_Flash.Flash_Output,ra-cip-value://driver-cip/192.168.1.10/Slow_Flash.Flash_Output,"[{""q"":192,""t"":""2021-12-17T17:49:40.844Z"",""v"":true}]"
x-ra/cip/bool,test-model.New node.Slow_Flash.Flash_Output,ra-cip-value://driver-cip/192.168.1.10/Slow_Flash.Flash_Output,"[{""q"":192,""t"":""2021-12-17T17:49:42.858Z"",""v"":true}]"
x-ra/cip/bool,,ra-cip-value://driver-cip/192.168.1.10/SuperFast_Flash.Flash_Output,"[{""q"":192,""t"":""2021-12-17T17:49:43.170Z"",""v"":false}]"
x-ra/cip/bool,test-model.New node.Slow_Flash.Flash_Output,ra-cip-value://driver-cip/192.168.1.10/Slow_Flash.Flash_Output,"[{""q"":192,""t"":""2021-12-17T17:49:44.860Z"",""v"":true}]"
x-ra/cip/bool,test-model.New node.Slow_Flash.Flash_Output,ra-cip-value://driver-cip/192.168.1.10/Slow_Flash.Flash_Output,"[{""q"":192,""t"":""2021-12-17T17:49:46.867Z"",""v"":true}]"
x-ra/cip/bool,test-model.New node.Slow_Flash.Flash_Output,ra-cip-value://driver-cip/192.168.1.10/Slow_Flash.Flash_Output,"[{""q"":192,""t"":""2021-12-17T17:49:48.867Z"",""v"":true}]"
x-ra/cip/bool,test-model.New node.Slow_Flash.Flash_Output,ra-cip-value://driver-cip/192.168.1.10/Slow_Flash.Flash_Output,"[{""q"":192,""t"":""2021-12-17T17:49:50.881Z"",""v"":true}]"
x-ra/cip/bool,,ra-cip-value://driver-cip/192.168.1.10/SuperFast_Flash.Flash_Output,"[{""q"":192,""t"":""2021-12-17T17:49:51.192Z"",""v"":true}]"
x-ra/cip/bool,test-model.New node.Slow_Flash.Flash_Output,ra-cip-value://driver-cip/192.168.1.10/Slow_Flash.Flash_Output,"[{""q"":192,""t"":""2021-12-17T17:49:52.880Z"",""v"":true}]"
x-ra/cip/bool,test-model.New node.Slow_Flash.Flash_Output,ra-cip-value://driver-cip/192.168.1.10/Slow_Flash.Flash_Output,"[{""q"":192,""t"":""2021-12-17T17:49:54.887Z"",""v"":true}]"
x-ra/cip/bool,test-model.New node.Slow_Flash.Flash_Output,ra-cip-value://driver-cip/192.168.1.10/Slow_Flash.Flash_Output,"[{""q"":192,""t"":""2021-12-17T17:49:56.900Z"",""v"":true}]"
x-ra/cip/bool,,ra-cip-value://driver-cip/192.168.1.10/SuperFast_Flash.Flash_Output,"[{""q"":192,""t"":""2021-12-17T17:49:57.210Z"",""v"":false}]"
x-ra/cip/bool,test-model.New node.Slow_Flash.Flash_Output,ra-cip-value://driver-cip/192.168.1.10/Slow_Flash.Flash_Output,"[{""q"":192,""t"":""2021-12-17T17:49:58.899Z"",""v"":true}]"
x-ra/cip/bool,test-model.New node.Slow_Flash.Flash_Output,ra-cip-value://driver-cip/192.168.1.10/Slow_Flash.Flash_Output,"[{""q"":192,""t"":""2021-12-17T17:50:00.910Z"",""v"":true}]"
x-ra/cip/bool,test-model.New node.Slow_Flash.Flash_Output,ra-cip-value://driver-cip/192.168.1.10/Slow_Flash.Flash_Output,"[{""q"":192,""t"":""2021-12-17T17:50:02.923Z"",""v"":true}]"
x-ra/cip/bool,test-model.New node.Slow_Flash.Flash_Output,ra-cip-value://driver-cip/192.168.1.10/Slow_Flash.Flash_Output,"[{""q"":192,""t"":""2021-12-17T17:50:04.937Z"",""v"":true}]"
x-ra/cip/bool,,ra-cip-value://driver-cip/192.168.1.10/SuperFast_Flash.Flash_Output,"[{""q"":192,""t"":""2021-12-17T17:50:05.247Z"",""v"":true}]"
x-ra/cip/bool,test-model.New node.Slow_Flash.Flash_Output,ra-cip-value://driver-cip/192.168.1.10/Slow_Flash.Flash_Output,"[{""q"":192,""t"":""2021-12-17T17:50:06.949Z"",""v"":true}]"
x-ra/cip/bool,test-model.New node.Slow_Flash.Flash_Output,ra-cip-value://driver-cip/192.168.1.10/Slow_Flash.Flash_Output,"[{""q"":192,""t"":""2021-12-17T17:50:08.962Z"",""v"":true}]"
x-ra/cip/bool,test-model.New node.Slow_Flash.Flash_Output,ra-cip-value://driver-cip/192.168.1.10/Slow_Flash.Flash_Output,"[{""q"":192,""t"":""2021-12-17T17:50:10.976Z"",""v"":true}]"
x-ra/cip/bool,test-model.New node.Slow_Flash.Flash_Output,ra-cip-value://driver-cip/192.168.1.10/Slow_Flash.Flash_Output,"[{""q"":192,""t"":""2021-12-17T17:50:12.980Z"",""v"":true}]"
x-ra/cip/bool,,ra-cip-value://driver-cip/192.168.1.10/SuperFast_Flash.Flash_Output,"[{""q"":192,""t"":""2021-12-17T17:50:13.288Z"",""v"":false}]"
x-ra/cip/bool,test-model.New node.Slow_Flash.Flash_Output,ra-cip-value://driver-cip/192.168.1.10/Slow_Flash.Flash_Output,"[{""q"":192,""t"":""2021-12-17T17:50:14.994Z"",""v"":true}]"
x-ra/cip/bool,test-model.New node.Slow_Flash.Flash_Output,ra-cip-value://driver-cip/192.168.1.10/Slow_Flash.Flash_Output,"[{""q"":192,""t"":""2021-12-17T17:50:17.004Z"",""v"":true}]"
x-ra/cip/bool,test-model.New node.Slow_Flash.Flash_Output,ra-cip-value://driver-cip/192.168.1.10/Slow_Flash.Flash_Output,"[{""q"":192,""t"":""2021-12-17T17:50:19.005Z"",""v"":true}]"
x-ra/cip/bool,test-model.New node.Slow_Flash.Flash_Output,ra-cip-value://driver-cip/192.168.1.10/Slow_Flash.Flash_Output,"[{""q"":192,""t"":""2021-12-17T17:50:21.018Z"",""v"":true}]"
x-ra/cip/bool,,ra-cip-value://driver-cip/192.168.1.10/SuperFast_Flash.Flash_Output,"[{""q"":192,""t"":""2021-12-17T17:50:21.328Z"",""v"":true}]"
x-ra/cip/bool,test-model.New node.Slow_Flash.Flash_Output,ra-cip-value://driver-cip/192.168.1.10/Slow_Flash.Flash_Output,"[{""q"":192,""t"":""2021-12-17T17:50:23.019Z"",""v"":true}]"
x-ra/cip/bool,test-model.New node.Slow_Flash.Flash_Output,ra-cip-value://driver-cip/192.168.1.10/Slow_Flash.Flash_Output,"[{""q"":192,""t"":""2021-12-17T17:50:25.027Z"",""v"":true}]"
x-ra/cip/bool,test-model.New node.Slow_Flash.Flash_Output,ra-cip-value://driver-cip/192.168.1.10/Slow_Flash.Flash_Output,"[{""q"":192,""t"":""2021-12-17T17:50:27.040Z"",""v"":true}]"
x-ra/cip/bool,test-model.New node.Slow_Flash.Flash_Output,ra-cip-value://driver-cip/192.168.1.10/Slow_Flash.Flash_Output,"[{""q"":192,""t"":""2021-12-17T17:50:29.054Z"",""v"":true}]"
x-ra/cip/bool,,ra-cip-value://driver-cip/192.168.1.10/SuperFast_Flash.Flash_Output,"[{""q"":192,""t"":""2021-12-17T17:50:29.361Z"",""v"":false}]"
x-ra/cip/bool,test-model.New node.Slow_Flash.Flash_Output,ra-cip-value://driver-cip/192.168.1.10/Slow_Flash.Flash_Output,"[{""q"":192,""t"":""2021-12-17T17:50:31.064Z"",""v"":true}]"
x-ra/cip/bool,test-model.New node.Slow_Flash.Flash_Output,ra-cip-value://driver-cip/192.168.1.10/Slow_Flash.Flash_Output,"[{""q"":192,""t"":""2021-12-17T17:50:33.077Z"",""v"":true}]"
x-ra/cip/bool,test-model.New node.Slow_Flash.Flash_Output,ra-cip-value://driver-cip/192.168.1.10/Slow_Flash.Flash_Output,"[{""q"":192,""t"":""2021-12-17T17:50:35.091Z"",""v"":true}]"
x-ra/cip/bool,test-model.New node.Slow_Flash.Flash_Output,ra-cip-value://driver-cip/192.168.1.10/Slow_Flash.Flash_Output,"[{""q"":192,""t"":""2021-12-17T17:50:37.106Z"",""v"":true}]"
x-ra/cip/bool,,ra-cip-value://driver-cip/192.168.1.10/SuperFast_Flash.Flash_Output,"[{""q"":192,""t"":""2021-12-17T17:50:37.419Z"",""v"":true}]"
x-ra/cip/bool,test-model.New node.Slow_Flash.Flash_Output,ra-cip-value://driver-cip/192.168.1.10/Slow_Flash.Flash_Output,"[{""q"":192,""t"":""2021-12-17T17:50:39.110Z"",""v"":true}]"
x-ra/cip/bool,test-model.New node.Slow_Flash.Flash_Output,ra-cip-value://driver-cip/192.168.1.10/Slow_Flash.Flash_Output,"[{""q"":192,""t"":""2021-12-17T17:50:41.120Z"",""v"":true}]"
x-ra/cip/bool,test-model.New node.Slow_Flash.Flash_Output,ra-cip-value://driver-cip/192.168.1.10/Slow_Flash.Flash_Output,"[{""q"":192,""t"":""2021-12-17T17:50:43.120Z"",""v"":true}]"
x-ra/cip/bool,test-model.New node.Slow_Flash.Flash_Output,ra-cip-value://driver-cip/192.168.1.10/Slow_Flash.Flash_Output,"[{""q"":192,""t"":""2021-12-17T17:50:45.125Z"",""v"":true}]"
x-ra/cip/bool,,ra-cip-value://driver-cip/192.168.1.10/SuperFast_Flash.Flash_Output,"[{""q"":192,""t"":""2021-12-17T17:50:45.428Z"",""v"":false}]"
x-ra/cip/bool,test-model.New node.Slow_Flash.Flash_Output,ra-cip-value://driver-cip/192.168.1.10/Slow_Flash.Flash_Output,"[{""q"":192,""t"":""2021-12-17T17:50:47.136Z"",""v"":true}]"
x-ra/cip/bool,test-model.New node.Slow_Flash.Flash_Output,ra-cip-value://driver-cip/192.168.1.10/Slow_Flash.Flash_Output,"[{""q"":192,""t"":""2021-12-17T17:50:49.149Z"",""v"":true}]"
x-ra/cip/bool,test-model.New node.Slow_Flash.Flash_Output,ra-cip-value://driver-cip/192.168.1.10/Slow_Flash.Flash_Output,"[{""q"":192,""t"":""2021-12-17T17:50:51.160Z"",""v"":true}]"
x-ra/cip/bool,,ra-cip-value://driver-cip/192.168.1.10/SuperFast_Flash.Flash_Output,"[{""q"":192,""t"":""2021-12-17T17:50:51.471Z"",""v"":true}]"
x-ra/cip/bool,test-model.New node.Slow_Flash.Flash_Output,ra-cip-value://driver-cip/192.168.1.10/Slow_Flash.Flash_Output,"[{""q"":192,""t"":""2021-12-17T17:50:53.160Z"",""v"":true}]"
x-ra/cip/bool,test-model.New node.Slow_Flash.Flash_Output,ra-cip-value://driver-cip/192.168.1.10/Slow_Flash.Flash_Output,"[{""q"":192,""t"":""2021-12-17T17:50:55.169Z"",""v"":true}]"
x-ra/cip/bool,test-model.New node.Slow_Flash.Flash_Output,ra-cip-value://driver-cip/192.168.1.10/Slow_Flash.Flash_Output,"[{""q"":192,""t"":""2021-12-17T17:50:57.182Z"",""v"":false}]"
x-ra/cip/bool,test-model.New node.Slow_Flash.Flash_Output,ra-cip-value://driver-cip/192.168.1.10/Slow_Flash.Flash_Output,"[{""q"":192,""t"":""2021-12-17T17:50:59.195Z"",""v"":false}]"
x-ra/cip/bool,,ra-cip-value://driver-cip/192.168.1.10/SuperFast_Flash.Flash_Output,"[{""q"":192,""t"":""2021-12-17T17:50:59.506Z"",""v"":false}]"
x-ra/cip/bool,test-model.New node.Slow_Flash.Flash_Output,ra-cip-value://driver-cip/192.168.1.10/Slow_Flash.Flash_Output,"[{""q"":192,""t"":""2021-12-17T17:51:01.196Z"",""v"":false}]"
x-ra/cip/bool,test-model.New node.Slow_Flash.Flash_Output,ra-cip-value://driver-cip/192.168.1.10/Slow_Flash.Flash_Output,"[{""q"":192,""t"":""2021-12-17T17:51:03.210Z"",""v"":false}]"
x-ra/cip/bool,test-model.New node.Slow_Flash.Flash_Output,ra-cip-value://driver-cip/192.168.1.10/Slow_Flash.Flash_Output,"[{""q"":192,""t"":""2021-12-17T17:51:05.209Z"",""v"":false}]"
x-ra/cip/bool,test-model.New node.Slow_Flash.Flash_Output,ra-cip-value://driver-cip/192.168.1.10/Slow_Flash.Flash_Output,"[{""q"":192,""t"":""2021-12-17T17:51:07.209Z"",""v"":false}]"
x-ra/cip/bool,,ra-cip-value://driver-cip/192.168.1.10/SuperFast_Flash.Flash_Output,"[{""q"":192,""t"":""2021-12-17T17:51:07.519Z"",""v"":true}]"
x-ra/cip/bool,test-model.New node.Slow_Flash.Flash_Output,ra-cip-value://driver-cip/192.168.1.10/Slow_Flash.Flash_Output,"[{""q"":192,""t"":""2021-12-17T17:51:09.223Z"",""v"":false}]"
x-ra/cip/bool,test-model.New node.Slow_Flash.Flash_Output,ra-cip-value://driver-cip/192.168.1.10/Slow_Flash.Flash_Output,"[{""q"":192,""t"":""2021-12-17T17:51:11.234Z"",""v"":false}]"
x-ra/cip/bool,test-model.New node.Slow_Flash.Flash_Output,ra-cip-value://driver-cip/192.168.1.10/Slow_Flash.Flash_Output,"[{""q"":192,""t"":""2021-12-17T17:51:13.234Z"",""v"":false}]"
x-ra/cip/bool,test-model.New node.Slow_Flash.Flash_Output,ra-cip-value://driver-cip/192.168.1.10/Slow_Flash.Flash_Output,"[{""q"":192,""t"":""2021-12-17T17:51:15.247Z"",""v"":false}]"
x-ra/cip/bool,,ra-cip-value://driver-cip/192.168.1.10/SuperFast_Flash.Flash_Output,"[{""q"":192,""t"":""2021-12-17T17:51:15.559Z"",""v"":false}]"
x-ra/cip/bool,test-model.New node.Slow_Flash.Flash_Output,ra-cip-value://driver-cip/192.168.1.10/Slow_Flash.Flash_Output,"[{""q"":192,""t"":""2021-12-17T17:51:17.248Z"",""v"":false}]"
x-ra/cip/bool,test-model.New node.Slow_Flash.Flash_Output,ra-cip-value://driver-cip/192.168.1.10/Slow_Flash.Flash_Output,"[{""q"":192,""t"":""2021-12-17T17:51:19.257Z"",""v"":false}]"
x-ra/cip/bool,test-model.New node.Slow_Flash.Flash_Output,ra-cip-value://driver-cip/192.168.1.10/Slow_Flash.Flash_Output,"[{""q"":192,""t"":""2021-12-17T17:51:21.257Z"",""v"":false}]"
x-ra/cip/bool,,ra-cip-value://driver-cip/192.168.1.10/SuperFast_Flash.Flash_Output,"[{""q"":192,""t"":""2021-12-17T17:51:21.566Z"",""v"":true}]"
x-ra/cip/bool,test-model.New node.Slow_Flash.Flash_Output,ra-cip-value://driver-cip/192.168.1.10/Slow_Flash.Flash_Output,"[{""q"":192,""t"":""2021-12-17T17:51:23.270Z"",""v"":false}]"
x-ra/cip/bool,test-model.New node.Slow_Flash.Flash_Output,ra-cip-value://driver-cip/192.168.1.10/Slow_Flash.Flash_Output,"[{""q"":192,""t"":""2021-12-17T17:51:25.281Z"",""v"":false}]"
x-ra/cip/bool,test-model.New node.Slow_Flash.Flash_Output,ra-cip-value://driver-cip/192.168.1.10/Slow_Flash.Flash_Output,"[{""q"":192,""t"":""2021-12-17T17:51:27.281Z"",""v"":false}]"
x-ra/cip/bool,test-model.New node.Slow_Flash.Flash_Output,ra-cip-value://driver-cip/192.168.1.10/Slow_Flash.Flash_Output,"[{""q"":192,""t"":""2021-12-17T17:51:29.295Z"",""v"":false}]"
x-ra/cip/bool,,ra-cip-value://driver-cip/192.168.1.10/SuperFast_Flash.Flash_Output,"[{""q"":192,""t"":""2021-12-17T17:51:29.608Z"",""v"":false}]"
x-ra/cip/bool,test-model.New node.Slow_Flash.Flash_Output,ra-cip-value://driver-cip/192.168.1.10/Slow_Flash.Flash_Output,"[{""q"":192,""t"":""2021-12-17T17:51:31.297Z"",""v"":false}]"
x-ra/cip/bool,test-model.New node.Slow_Flash.Flash_Output,ra-cip-value://driver-cip/192.168.1.10/Slow_Flash.Flash_Output,"[{""q"":192,""t"":""2021-12-17T17:51:33.307Z"",""v"":false}]"
x-ra/cip/bool,test-model.New node.Slow_Flash.Flash_Output,ra-cip-value://driver-cip/192.168.1.10/Slow_Flash.Flash_Output,"[{""q"":192,""t"":""2021-12-17T17:51:35.306Z"",""v"":false}]"
x-ra/cip/bool,test-model.New node.Slow_Flash.Flash_Output,ra-cip-value://driver-cip/192.168.1.10/Slow_Flash.Flash_Output,"[{""q"":192,""t"":""2021-12-17T17:51:37.320Z"",""v"":false}]"
x-ra/cip/bool,,ra-cip-value://driver-cip/192.168.1.10/SuperFast_Flash.Flash_Output,"[{""q"":192,""t"":""2021-12-17T17:51:37.636Z"",""v"":true}]"
x-ra/cip/bool,test-model.New node.Slow_Flash.Flash_Output,ra-cip-value://driver-cip/192.168.1.10/Slow_Flash.Flash_Output,"[{""q"":192,""t"":""2021-12-17T17:51:39.325Z"",""v"":false}]"
x-ra/cip/bool,test-model.New node.Slow_Flash.Flash_Output,ra-cip-value://driver-cip/192.168.1.10/Slow_Flash.Flash_Output,"[{""q"":192,""t"":""2021-12-17T17:51:41.337Z"",""v"":false}]"
x-ra/cip/bool,test-model.New node.Slow_Flash.Flash_Output,ra-cip-value://driver-cip/192.168.1.10/Slow_Flash.Flash_Output,"[{""q"":192,""t"":""2021-12-17T17:51:43.351Z"",""v"":false}]"
x-ra/cip/bool,test-model.New node.Slow_Flash.Flash_Output,ra-cip-value://driver-cip/192.168.1.10/Slow_Flash.Flash_Output,"[{""q"":192,""t"":""2021-12-17T17:51:45.366Z"",""v"":false}]"
x-ra/cip/bool,,ra-cip-value://driver-cip/192.168.1.10/SuperFast_Flash.Flash_Output,"[{""q"":192,""t"":""2021-12-17T17:51:45.674Z"",""v"":false}]"
x-ra/cip/bool,test-model.New node.Slow_Flash.Flash_Output,ra-cip-value://driver-cip/192.168.1.10/Slow_Flash.Flash_Output,"[{""q"":192,""t"":""2021-12-17T17:51:47.378Z"",""v"":false}]"
x-ra/cip/bool,test-model.New node.Slow_Flash.Flash_Output,ra-cip-value://driver-cip/192.168.1.10/Slow_Flash.Flash_Output,"[{""q"":192,""t"":""2021-12-17T17:51:49.392Z"",""v"":false}]"
x-ra/cip/bool,test-model.New node.Slow_Flash.Flash_Output,ra-cip-value://driver-cip/192.168.1.10/Slow_Flash.Flash_Output,"[{""q"":192,""t"":""2021-12-17T17:51:51.406Z"",""v"":false}]"
x-ra/cip/bool,test-model.New node.Slow_Flash.Flash_Output,ra-cip-value://driver-cip/192.168.1.10/Slow_Flash.Flash_Output,"[{""q"":192,""t"":""2021-12-17T17:51:53.419Z"",""v"":false}]"
x-ra/cip/bool,,ra-cip-value://driver-cip/192.168.1.10/SuperFast_Flash.Flash_Output,"[{""q"":192,""t"":""2021-12-17T17:51:53.729Z"",""v"":true}]"
x-ra/cip/bool,test-model.New node.Slow_Flash.Flash_Output,ra-cip-value://driver-cip/192.168.1.10/Slow_Flash.Flash_Output,"[{""q"":192,""t"":""2021-12-17T17:51:55.419Z"",""v"":false}]"
x-ra/cip/bool,test-model.New node.Slow_Flash.Flash_Output,ra-cip-value://driver-cip/192.168.1.10/Slow_Flash.Flash_Output,"[{""q"":192,""t"":""2021-12-17T17:51:57.431Z"",""v"":false}]"
x-ra/cip/bool,test-model.New node.Slow_Flash.Flash_Output,ra-cip-value://driver-cip/192.168.1.10/Slow_Flash.Flash_Output,"[{""q"":192,""t"":""2021-12-17T17:51:59.444Z"",""v"":false}]"
x-ra/cip/bool,test-model.New node.Slow_Flash.Flash_Output,ra-cip-value://driver-cip/192.168.1.10/Slow_Flash.Flash_Output,"[{""q"":192,""t"":""2021-12-17T17:52:01.458Z"",""v"":false}]"
x-ra/cip/bool,,ra-cip-value://driver-cip/192.168.1.10/SuperFast_Flash.Flash_Output,"[{""q"":192,""t"":""2021-12-17T17:52:01.770Z"",""v"":false}]"
x-ra/cip/bool,test-model.New node.Slow_Flash.Flash_Output,ra-cip-value://driver-cip/192.168.1.10/Slow_Flash.Flash_Output,"[{""q"":192,""t"":""2021-12-17T17:52:03.459Z"",""v"":false}]"
x-ra/cip/bool,test-model.New node.Slow_Flash.Flash_Output,ra-cip-value://driver-cip/192.168.1.10/Slow_Flash.Flash_Output,"[{""q"":192,""t"":""2021-12-17T17:52:05.471Z"",""v"":false}]"
x-ra/cip/bool,test-model.New node.Slow_Flash.Flash_Output,ra-cip-value://driver-cip/192.168.1.10/Slow_Flash.Flash_Output,"[{""q"":192,""t"":""2021-12-17T17:52:07.485Z"",""v"":false}]"
x-ra/cip/bool,test-model.New node.Slow_Flash.Flash_Output,ra-cip-value://driver-cip/192.168.1.10/Slow_Flash.Flash_Output,"[{""q"":192,""t"":""2021-12-17T17:52:09.486Z"",""v"":false}]"
x-ra/cip/bool,,ra-cip-value://driver-cip/192.168.1.10/SuperFast_Flash.Flash_Output,"[{""q"":192,""t"":""2021-12-17T17:52:09.796Z"",""v"":true}]"
x-ra/cip/bool,test-model.New node.Slow_Flash.Flash_Output,ra-cip-value://driver-cip/192.168.1.10/Slow_Flash.Flash_Output,"[{""q"":192,""t"":""2021-12-17T17:52:11.500Z"",""v"":false}]"
x-ra/cip/bool,test-model.New node.Slow_Flash.Flash_Output,ra-cip-value://driver-cip/192.168.1.10/Slow_Flash.Flash_Output,"[{""q"":192,""t"":""2021-12-17T17:52:13.510Z"",""v"":false}]"
x-ra/cip/bool,test-model.New node.Slow_Flash.Flash_Output,ra-cip-value://driver-cip/192.168.1.10/Slow_Flash.Flash_Output,"[{""q"":192,""t"":""2021-12-17T17:52:15.513Z"",""v"":false}]"
x-ra/cip/bool,,ra-cip-value://driver-cip/192.168.1.10/SuperFast_Flash.Flash_Output,"[{""q"":192,""t"":""2021-12-17T17:52:15.824Z"",""v"":false}]"
x-ra/cip/bool,test-model.New node.Slow_Flash.Flash_Output,ra-cip-value://driver-cip/192.168.1.10/Slow_Flash.Flash_Output,"[{""q"":192,""t"":""2021-12-17T17:52:17.512Z"",""v"":false}]"
x-ra/cip/bool,test-model.New node.Slow_Flash.Flash_Output,ra-cip-value://driver-cip/192.168.1.10/Slow_Flash.Flash_Output,"[{""q"":192,""t"":""2021-12-17T17:52:19.522Z"",""v"":false}]"
x-ra/cip/bool,test-model.New node.Slow_Flash.Flash_Output,ra-cip-value://driver-cip/192.168.1.10/Slow_Flash.Flash_Output,"[{""q"":192,""t"":""2021-12-17T17:52:21.534Z"",""v"":false}]"
x-ra/cip/bool,test-model.New node.Slow_Flash.Flash_Output,ra-cip-value://driver-cip/192.168.1.10/Slow_Flash.Flash_Output,"[{""q"":192,""t"":""2021-12-17T17:52:23.535Z"",""v"":false}]"
x-ra/cip/bool,,ra-cip-value://driver-cip/192.168.1.10/SuperFast_Flash.Flash_Output,"[{""q"":192,""t"":""2021-12-17T17:52:23.847Z"",""v"":true}]"
x-ra/cip/bool,test-model.New node.Slow_Flash.Flash_Output,ra-cip-value://driver-cip/192.168.1.10/Slow_Flash.Flash_Output,"[{""q"":192,""t"":""2021-12-17T17:52:25.535Z"",""v"":false}]"
x-ra/cip/bool,test-model.New node.Slow_Flash.Flash_Output,ra-cip-value://driver-cip/192.168.1.10/Slow_Flash.Flash_Output,"[{""q"":192,""t"":""2021-12-17T17:52:27.545Z"",""v"":false}]"
x-ra/cip/bool,test-model.New node.Slow_Flash.Flash_Output,ra-cip-value://driver-cip/192.168.1.10/Slow_Flash.Flash_Output,"[{""q"":192,""t"":""2021-12-17T17:52:29.557Z"",""v"":false}]"
x-ra/cip/bool,test-model.New node.Slow_Flash.Flash_Output,ra-cip-value://driver-cip/192.168.1.10/Slow_Flash.Flash_Output,"[{""q"":192,""t"":""2021-12-17T17:52:31.570Z"",""v"":false}]"
x-ra/cip/bool,,ra-cip-value://driver-cip/192.168.1.10/SuperFast_Flash.Flash_Output,"[{""q"":192,""t"":""2021-12-17T17:52:31.883Z"",""v"":false}]"
x-ra/cip/bool,test-model.New node.Slow_Flash.Flash_Output,ra-cip-value://driver-cip/192.168.1.10/Slow_Flash.Flash_Output,"[{""q"":192,""t"":""2021-12-17T17:52:33.571Z"",""v"":false}]"
x-ra/cip/bool,test-model.New node.Slow_Flash.Flash_Output,ra-cip-value://driver-cip/192.168.1.10/Slow_Flash.Flash_Output,"[{""q"":192,""t"":""2021-12-17T17:52:35.583Z"",""v"":false}]"
x-ra/cip/bool,test-model.New node.Slow_Flash.Flash_Output,ra-cip-value://driver-cip/192.168.1.10/Slow_Flash.Flash_Output,"[{""q"":192,""t"":""2021-12-17T17:52:37.595Z"",""v"":false}]"
x-ra/cip/bool,test-model.New node.Slow_Flash.Flash_Output,ra-cip-value://driver-cip/192.168.1.10/Slow_Flash.Flash_Output,"[{""q"":192,""t"":""2021-12-17T17:52:39.594Z"",""v"":false}]"
x-ra/cip/bool,,ra-cip-value://driver-cip/192.168.1.10/SuperFast_Flash.Flash_Output,"[{""q"":192,""t"":""2021-12-17T17:52:39.906Z"",""v"":true}]"
x-ra/cip/bool,test-model.New node.Slow_Flash.Flash_Output,ra-cip-value://driver-cip/192.168.1.10/Slow_Flash.Flash_Output,"[{""q"":192,""t"":""2021-12-17T17:52:41.597Z"",""v"":false}]"
x-ra/cip/bool,test-model.New node.Slow_Flash.Flash_Output,ra-cip-value://driver-cip/192.168.1.10/Slow_Flash.Flash_Output,"[{""q"":192,""t"":""2021-12-17T17:52:43.609Z"",""v"":false}]"
x-ra/cip/bool,test-model.New node.Slow_Flash.Flash_Output,ra-cip-value://driver-cip/192.168.1.10/Slow_Flash.Flash_Output,"[{""q"":192,""t"":""2021-12-17T17:52:45.614Z"",""v"":false}]"
x-ra/cip/bool,,ra-cip-value://driver-cip/192.168.1.10/SuperFast_Flash.Flash_Output,"[{""q"":192,""t"":""2021-12-17T17:52:45.917Z"",""v"":false}]"
x-ra/cip/bool,test-model.New node.Slow_Flash.Flash_Output,ra-cip-value://driver-cip/192.168.1.10/Slow_Flash.Flash_Output,"[{""q"":192,""t"":""2021-12-17T17:52:47.620Z"",""v"":false}]"
x-ra/cip/bool,test-model.New node.Slow_Flash.Flash_Output,ra-cip-value://driver-cip/192.168.1.10/Slow_Flash.Flash_Output,"[{""q"":192,""t"":""2021-12-17T17:52:49.632Z"",""v"":false}]"
x-ra/cip/bool,test-model.New node.Slow_Flash.Flash_Output,ra-cip-value://driver-cip/192.168.1.10/Slow_Flash.Flash_Output,"[{""q"":192,""t"":""2021-12-17T17:52:51.645Z"",""v"":false}]"
x-ra/cip/bool,test-model.New node.Slow_Flash.Flash_Output,ra-cip-value://driver-cip/192.168.1.10/Slow_Flash.Flash_Output,"[{""q"":192,""t"":""2021-12-17T17:52:53.659Z"",""v"":false}]"
x-ra/cip/bool,,ra-cip-value://driver-cip/192.168.1.10/SuperFast_Flash.Flash_Output,"[{""q"":192,""t"":""2021-12-17T17:52:53.969Z"",""v"":true}]"
x-ra/cip/bool,test-model.New node.Slow_Flash.Flash_Output,ra-cip-value://driver-cip/192.168.1.10/Slow_Flash.Flash_Output,"[{""q"":192,""t"":""2021-12-17T17:52:55.661Z"",""v"":false}]"
x-ra/cip/bool,test-model.New node.Slow_Flash.Flash_Output,ra-cip-value://driver-cip/192.168.1.10/Slow_Flash.Flash_Output,"[{""q"":192,""t"":""2021-12-17T17:52:57.670Z"",""v"":false}]"
x-ra/cip/bool,test-model.New node.Slow_Flash.Flash_Output,ra-cip-value://driver-cip/192.168.1.10/Slow_Flash.Flash_Output,"[{""q"":192,""t"":""2021-12-17T17:52:59.683Z"",""v"":false}]"
x-ra/cip/bool,test-model.New node.Slow_Flash.Flash_Output,ra-cip-value://driver-cip/192.168.1.10/Slow_Flash.Flash_Output,"[{""q"":192,""t"":""2021-12-17T17:53:01.695Z"",""v"":false}]"
x-ra/cip/bool,,ra-cip-value://driver-cip/192.168.1.10/SuperFast_Flash.Flash_Output,"[{""q"":192,""t"":""2021-12-17T17:53:02.006Z"",""v"":false}]"
x-ra/cip/bool,test-model.New node.Slow_Flash.Flash_Output,ra-cip-value://driver-cip/192.168.1.10/Slow_Flash.Flash_Output,"[{""q"":192,""t"":""2021-12-17T17:53:03.695Z"",""v"":false}]"
x-ra/cip/bool,test-model.New node.Slow_Flash.Flash_Output,ra-cip-value://driver-cip/192.168.1.10/Slow_Flash.Flash_Output,"[{""q"":192,""t"":""2021-12-17T17:53:05.704Z"",""v"":false}]"
x-ra/cip/bool,test-model.New node.Slow_Flash.Flash_Output,ra-cip-value://driver-cip/192.168.1.10/Slow_Flash.Flash_Output,"[{""q"":192,""t"":""2021-12-17T17:53:07.716Z"",""v"":false}]"
x-ra/cip/bool,test-model.New node.Slow_Flash.Flash_Output,ra-cip-value://driver-cip/192.168.1.10/Slow_Flash.Flash_Output,"[{""q"":192,""t"":""2021-12-17T17:53:09.717Z"",""v"":false}]"
x-ra/cip/bool,,ra-cip-value://driver-cip/192.168.1.10/SuperFast_Flash.Flash_Output,"[{""q"":192,""t"":""2021-12-17T17:53:10.029Z"",""v"":true}]"
x-ra/cip/bool,test-model.New node.Slow_Flash.Flash_Output,ra-cip-value://driver-cip/192.168.1.10/Slow_Flash.Flash_Output,"[{""q"":192,""t"":""2021-12-17T17:53:11.722Z"",""v"":false}]"
x-ra/cip/bool,test-model.New node.Slow_Flash.Flash_Output,ra-cip-value://driver-cip/192.168.1.10/Slow_Flash.Flash_Output,"[{""q"":192,""t"":""2021-12-17T17:53:13.733Z"",""v"":false}]"
x-ra/cip/bool,test-model.New node.Slow_Flash.Flash_Output,ra-cip-value://driver-cip/192.168.1.10/Slow_Flash.Flash_Output,"[{""q"":192,""t"":""2021-12-17T17:53:15.734Z"",""v"":false}]"
x-ra/cip/bool,test-model.New node.Slow_Flash.Flash_Output,ra-cip-value://driver-cip/192.168.1.10/Slow_Flash.Flash_Output,"[{""q"":192,""t"":""2021-12-17T17:53:17.746Z"",""v"":false}]"
x-ra/cip/bool,,ra-cip-value://driver-cip/192.168.1.10/SuperFast_Flash.Flash_Output,"[{""q"":192,""t"":""2021-12-17T17:53:18.055Z"",""v"":false}]"
x-ra/cip/bool,test-model.New node.Slow_Flash.Flash_Output,ra-cip-value://driver-cip/192.168.1.10/Slow_Flash.Flash_Output,"[{""q"":192,""t"":""2021-12-17T17:53:19.750Z"",""v"":false}]"
x-ra/cip/bool,test-model.New node.Slow_Flash.Flash_Output,ra-cip-value://driver-cip/192.168.1.10/Slow_Flash.Flash_Output,"[{""q"":192,""t"":""2021-12-17T17:53:21.759Z"",""v"":false}]"
x-ra/cip/bool,test-model.New node.Slow_Flash.Flash_Output,ra-cip-value://driver-cip/192.168.1.10/Slow_Flash.Flash_Output,"[{""q"":192,""t"":""2021-12-17T17:53:23.765Z"",""v"":false}]"
x-ra/cip/bool,test-model.New node.Slow_Flash.Flash_Output,ra-cip-value://driver-cip/192.168.1.10/Slow_Flash.Flash_Output,"[{""q"":192,""t"":""2021-12-17T17:53:25.765Z"",""v"":false}]"
x-ra/cip/bool,,ra-cip-value://driver-cip/192.168.1.10/SuperFast_Flash.Flash_Output,"[{""q"":192,""t"":""2021-12-17T17:53:26.076Z"",""v"":true}]"
x-ra/cip/bool,test-model.New node.Slow_Flash.Flash_Output,ra-cip-value://driver-cip/192.168.1.10/Slow_Flash.Flash_Output,"[{""q"":192,""t"":""2021-12-17T17:53:27.768Z"",""v"":false}]"
x-ra/cip/bool,test-model.New node.Slow_Flash.Flash_Output,ra-cip-value://driver-cip/192.168.1.10/Slow_Flash.Flash_Output,"[{""q"":192,""t"":""2021-12-17T17:53:29.779Z"",""v"":false}]"
x-ra/cip/bool,test-model.New node.Slow_Flash.Flash_Output,ra-cip-value://driver-cip/192.168.1.10/Slow_Flash.Flash_Output,"[{""q"":192,""t"":""2021-12-17T17:53:31.793Z"",""v"":false}]"
x-ra/cip/bool,,ra-cip-value://driver-cip/192.168.1.10/SuperFast_Flash.Flash_Output,"[{""q"":192,""t"":""2021-12-17T17:53:32.104Z"",""v"":false}]"
x-ra/cip/bool,test-model.New node.Slow_Flash.Flash_Output,ra-cip-value://driver-cip/192.168.1.10/Slow_Flash.Flash_Output,"[{""q"":192,""t"":""2021-12-17T17:53:33.793Z"",""v"":false}]"
x-ra/cip/bool,test-model.New node.Slow_Flash.Flash_Output,ra-cip-value://driver-cip/192.168.1.10/Slow_Flash.Flash_Output,"[{""q"":192,""t"":""2021-12-17T17:53:35.803Z"",""v"":false}]"
x-ra/cip/bool,test-model.New node.Slow_Flash.Flash_Output,ra-cip-value://driver-cip/192.168.1.10/Slow_Flash.Flash_Output,"[{""q"":192,""t"":""2021-12-17T17:53:37.817Z"",""v"":false}]"
x-ra/cip/bool,test-model.New node.Slow_Flash.Flash_Output,ra-cip-value://driver-cip/192.168.1.10/Slow_Flash.Flash_Output,"[{""q"":192,""t"":""2021-12-17T17:53:39.817Z"",""v"":false}]"
x-ra/cip/bool,,ra-cip-value://driver-cip/192.168.1.10/SuperFast_Flash.Flash_Output,"[{""q"":192,""t"":""2021-12-17T17:53:40.128Z"",""v"":true}]"
x-ra/cip/bool,test-model.New node.Slow_Flash.Flash_Output,ra-cip-value://driver-cip/192.168.1.10/Slow_Flash.Flash_Output,"[{""q"":192,""t"":""2021-12-17T17:53:41.818Z"",""v"":false}]"
x-ra/cip/bool,test-model.New node.Slow_Flash.Flash_Output,ra-cip-value://driver-cip/192.168.1.10/Slow_Flash.Flash_Output,"[{""q"":192,""t"":""2021-12-17T17:53:43.827Z"",""v"":false}]"
x-ra/cip/bool,test-model.New node.Slow_Flash.Flash_Output,ra-cip-value://driver-cip/192.168.1.10/Slow_Flash.Flash_Output,"[{""q"":192,""t"":""2021-12-17T17:53:45.828Z"",""v"":false}]"
x-ra/cip/bool,test-model.New node.Slow_Flash.Flash_Output,ra-cip-value://driver-cip/192.168.1.10/Slow_Flash.Flash_Output,"[{""q"":192,""t"":""2021-12-17T17:53:47.828Z"",""v"":false}]"
x-ra/cip/bool,,ra-cip-value://driver-cip/192.168.1.10/SuperFast_Flash.Flash_Output,"[{""q"":192,""t"":""2021-12-17T17:53:48.136Z"",""v"":false}]"
x-ra/cip/bool,test-model.New node.Slow_Flash.Flash_Output,ra-cip-value://driver-cip/192.168.1.10/Slow_Flash.Flash_Output,"[{""q"":192,""t"":""2021-12-17T17:53:49.829Z"",""v"":false}]"
x-ra/cip/bool,test-model.New node.Slow_Flash.Flash_Output,ra-cip-value://driver-cip/192.168.1.10/Slow_Flash.Flash_Output,"[{""q"":192,""t"":""2021-12-17T17:53:51.836Z"",""v"":false}]"
x-ra/cip/bool,test-model.New node.Slow_Flash.Flash_Output,ra-cip-value://driver-cip/192.168.1.10/Slow_Flash.Flash_Output,"[{""q"":192,""t"":""2021-12-17T17:53:53.850Z"",""v"":false}]"
x-ra/cip/bool,,ra-cip-value://driver-cip/192.168.1.10/SuperFast_Flash.Flash_Output,"[{""q"":192,""t"":""2021-12-17T17:53:54.161Z"",""v"":true}]"
x-ra/cip/bool,test-model.New node.Slow_Flash.Flash_Output,ra-cip-value://driver-cip/192.168.1.10/Slow_Flash.Flash_Output,"[{""q"":192,""t"":""2021-12-17T17:53:55.854Z"",""v"":false}]"
x-ra/cip/bool,test-model.New node.Slow_Flash.Flash_Output,ra-cip-value://driver-cip/192.168.1.10/Slow_Flash.Flash_Output,"[{""q"":192,""t"":""2021-12-17T17:53:57.865Z"",""v"":false}]"
x-ra/cip/bool,test-model.New node.Slow_Flash.Flash_Output,ra-cip-value://driver-cip/192.168.1.10/Slow_Flash.Flash_Output,"[{""q"":192,""t"":""2021-12-17T17:53:59.879Z"",""v"":false}]"
x-ra/cip/bool,test-model.New node.Slow_Flash.Flash_Output,ra-cip-value://driver-cip/192.168.1.10/Slow_Flash.Flash_Output,"[{""q"":192,""t"":""2021-12-17T17:54:01.878Z"",""v"":false}]"
x-ra/cip/bool,,ra-cip-value://driver-cip/192.168.1.10/SuperFast_Flash.Flash_Output,"[{""q"":192,""t"":""2021-12-17T17:54:02.182Z"",""v"":false}]"
x-ra/cip/bool,test-model.New node.Slow_Flash.Flash_Output,ra-cip-value://driver-cip/192.168.1.10/Slow_Flash.Flash_Output,"[{""q"":192,""t"":""2021-12-17T17:54:03.884Z"",""v"":false}]"
x-ra/cip/bool,test-model.New node.Slow_Flash.Flash_Output,ra-cip-value://driver-cip/192.168.1.10/Slow_Flash.Flash_Output,"[{""q"":192,""t"":""2021-12-17T17:54:05.896Z"",""v"":false}]"
x-ra/cip/bool,test-model.New node.Slow_Flash.Flash_Output,ra-cip-value://driver-cip/192.168.1.10/Slow_Flash.Flash_Output,"[{""q"":192,""t"":""2021-12-17T17:54:07.909Z"",""v"":false}]"
x-ra/cip/bool,test-model.New node.Slow_Flash.Flash_Output,ra-cip-value://driver-cip/192.168.1.10/Slow_Flash.Flash_Output,"[{""q"":192,""t"":""2021-12-17T17:54:09.910Z"",""v"":false}]"
x-ra/cip/bool,,ra-cip-value://driver-cip/192.168.1.10/SuperFast_Flash.Flash_Output,"[{""q"":192,""t"":""2021-12-17T17:54:10.221Z"",""v"":true}]"
x-ra/cip/bool,test-model.New node.Slow_Flash.Flash_Output,ra-cip-value://driver-cip/192.168.1.10/Slow_Flash.Flash_Output,"[{""q"":192,""t"":""2021-12-17T17:54:11.922Z"",""v"":false}]"
x-ra/cip/bool,test-model.New node.Slow_Flash.Flash_Output,ra-cip-value://driver-cip/192.168.1.10/Slow_Flash.Flash_Output,"[{""q"":192,""t"":""2021-12-17T17:54:13.932Z"",""v"":false}]"
x-ra/cip/bool,test-model.New node.Slow_Flash.Flash_Output,ra-cip-value://driver-cip/192.168.1.10/Slow_Flash.Flash_Output,"[{""q"":192,""t"":""2021-12-17T17:54:15.932Z"",""v"":false}]"
x-ra/cip/bool,test-model.New node.Slow_Flash.Flash_Output,ra-cip-value://driver-cip/192.168.1.10/Slow_Flash.Flash_Output,"[{""q"":192,""t"":""2021-12-17T17:54:17.946Z"",""v"":false}]"
x-ra/cip/bool,,ra-cip-value://driver-cip/192.168.1.10/SuperFast_Flash.Flash_Output,"[{""q"":192,""t"":""2021-12-17T17:54:18.256Z"",""v"":false}]"
x-ra/cip/bool,test-model.New node.Slow_Flash.Flash_Output,ra-cip-value://driver-cip/192.168.1.10/Slow_Flash.Flash_Output,"[{""q"":192,""t"":""2021-12-17T17:54:19.949Z"",""v"":false}]"
x-ra/cip/bool,test-model.New node.Slow_Flash.Flash_Output,ra-cip-value://driver-cip/192.168.1.10/Slow_Flash.Flash_Output,"[{""q"":192,""t"":""2021-12-17T17:54:21.956Z"",""v"":false}]"
x-ra/cip/bool,test-model.New node.Slow_Flash.Flash_Output,ra-cip-value://driver-cip/192.168.1.10/Slow_Flash.Flash_Output,"[{""q"":192,""t"":""2021-12-17T17:54:23.970Z"",""v"":false}]"
x-ra/cip/bool,test-model.New node.Slow_Flash.Flash_Output,ra-cip-value://driver-cip/192.168.1.10/Slow_Flash.Flash_Output,"[{""q"":192,""t"":""2021-12-17T17:54:25.970Z"",""v"":false}]"
x-ra/cip/bool,,ra-cip-value://driver-cip/192.168.1.10/SuperFast_Flash.Flash_Output,"[{""q"":192,""t"":""2021-12-17T17:54:26.281Z"",""v"":true}]"
x-ra/cip/bool,test-model.New node.Slow_Flash.Flash_Output,ra-cip-value://driver-cip/192.168.1.10/Slow_Flash.Flash_Output,"[{""q"":192,""t"":""2021-12-17T17:54:27.974Z"",""v"":false}]"
x-ra/cip/bool,test-model.New node.Slow_Flash.Flash_Output,ra-cip-value://driver-cip/192.168.1.10/Slow_Flash.Flash_Output,"[{""q"":192,""t"":""2021-12-17T17:54:29.983Z"",""v"":false}]"
x-ra/cip/bool,test-model.New node.Slow_Flash.Flash_Output,ra-cip-value://driver-cip/192.168.1.10/Slow_Flash.Flash_Output,"[{""q"":192,""t"":""2021-12-17T17:54:31.998Z"",""v"":false}]"
x-ra/cip/bool,,ra-cip-value://driver-cip/192.168.1.10/SuperFast_Flash.Flash_Output,"[{""q"":192,""t"":""2021-12-17T17:54:32.306Z"",""v"":false}]"
x-ra/cip/bool,test-model.New node.Slow_Flash.Flash_Output,ra-cip-value://driver-cip/192.168.1.10/Slow_Flash.Flash_Output,"[{""q"":192,""t"":""2021-12-17T17:54:33.998Z"",""v"":false}]"
x-ra/cip/bool,test-model.New node.Slow_Flash.Flash_Output,ra-cip-value://driver-cip/192.168.1.10/Slow_Flash.Flash_Output,"[{""q"":192,""t"":""2021-12-17T17:54:36.011Z"",""v"":false}]"
x-ra/cip/bool,test-model.New node.Slow_Flash.Flash_Output,ra-cip-value://driver-cip/192.168.1.10/Slow_Flash.Flash_Output,"[{""q"":192,""t"":""2021-12-17T17:54:38.025Z"",""v"":false}]"
x-ra/cip/bool,test-model.New node.Slow_Flash.Flash_Output,ra-cip-value://driver-cip/192.168.1.10/Slow_Flash.Flash_Output,"[{""q"":192,""t"":""2021-12-17T17:54:40.037Z"",""v"":false}]"
x-ra/cip/bool,,ra-cip-value://driver-cip/192.168.1.10/SuperFast_Flash.Flash_Output,"[{""q"":192,""t"":""2021-12-17T17:54:40.348Z"",""v"":true}]"
x-ra/cip/bool,test-model.New node.Slow_Flash.Flash_Output,ra-cip-value://driver-cip/192.168.1.10/Slow_Flash.Flash_Output,"[{""q"":192,""t"":""2021-12-17T17:54:42.038Z"",""v"":false}]"
x-ra/cip/bool,test-model.New node.Slow_Flash.Flash_Output,ra-cip-value://driver-cip/192.168.1.10/Slow_Flash.Flash_Output,"[{""q"":192,""t"":""2021-12-17T17:54:44.048Z"",""v"":false}]"
x-ra/cip/bool,test-model.New node.Slow_Flash.Flash_Output,ra-cip-value://driver-cip/192.168.1.10/Slow_Flash.Flash_Output,"[{""q"":192,""t"":""2021-12-17T17:54:46.053Z"",""v"":false}]"
x-ra/cip/bool,test-model.New node.Slow_Flash.Flash_Output,ra-cip-value://driver-cip/192.168.1.10/Slow_Flash.Flash_Output,"[{""q"":192,""t"":""2021-12-17T17:54:48.061Z"",""v"":false}]"
x-ra/cip/bool,,ra-cip-value://driver-cip/192.168.1.10/SuperFast_Flash.Flash_Output,"[{""q"":192,""t"":""2021-12-17T17:54:48.373Z"",""v"":false}]"
x-ra/cip/bool,test-model.New node.Slow_Flash.Flash_Output,ra-cip-value://driver-cip/192.168.1.10/Slow_Flash.Flash_Output,"[{""q"":192,""t"":""2021-12-17T17:54:50.066Z"",""v"":false}]"
x-ra/cip/bool,test-model.New node.Slow_Flash.Flash_Output,ra-cip-value://driver-cip/192.168.1.10/Slow_Flash.Flash_Output,"[{""q"":192,""t"":""2021-12-17T17:54:52.071Z"",""v"":false}]"
x-ra/cip/bool,test-model.New node.Slow_Flash.Flash_Output,ra-cip-value://driver-cip/192.168.1.10/Slow_Flash.Flash_Output,"[{""q"":192,""t"":""2021-12-17T17:54:54.071Z"",""v"":false}]"
x-ra/cip/bool,test-model.New node.Slow_Flash.Flash_Output,ra-cip-value://driver-cip/192.168.1.10/Slow_Flash.Flash_Output,"[{""q"":192,""t"":""2021-12-17T17:54:56.070Z"",""v"":false}]"
x-ra/cip/bool,,ra-cip-value://driver-cip/192.168.1.10/SuperFast_Flash.Flash_Output,"[{""q"":192,""t"":""2021-12-17T17:54:56.382Z"",""v"":true}]"
x-ra/cip/bool,test-model.New node.Slow_Flash.Flash_Output,ra-cip-value://driver-cip/192.168.1.10/Slow_Flash.Flash_Output,"[{""q"":192,""t"":""2021-12-17T17:54:58.071Z"",""v"":false}]"
x-ra/cip/bool,test-model.New node.Slow_Flash.Flash_Output,ra-cip-value://driver-cip/192.168.1.10/Slow_Flash.Flash_Output,"[{""q"":192,""t"":""2021-12-17T17:55:00.083Z"",""v"":false}]"
x-ra/cip/bool,test-model.New node.Slow_Flash.Flash_Output,ra-cip-value://driver-cip/192.168.1.10/Slow_Flash.Flash_Output,"[{""q"":192,""t"":""2021-12-17T17:55:02.087Z"",""v"":false}]"
x-ra/cip/bool,,ra-cip-value://driver-cip/192.168.1.10/SuperFast_Flash.Flash_Output,"[{""q"":192,""t"":""2021-12-17T17:55:02.397Z"",""v"":false}]"
